{"cameraMode":{"drawMode":0,"name":"Shaded","section":"Shading Mode"},"sceneLighting":false,"audioPlay":false,"sceneViewState":{"showFog":true,"showMaterialUpdate":false,"showSkybox":false,"showFlares":true,"showImageEffects":true,"showParticleSystems":true,"showVisualEffectGraphs":true,"m_FxEnabled":true},"in2DMode":false,"pivot":{"x":3.3585100173950197,"y":2.2453877925872804,"z":-3.4691503047943117},"rotation":{"x":-0.0015106062637642027,"y":0.9979108572006226,"z":0.025758160278201104,"w":0.059335093945264819},"size":2.992652177810669,"orthographic":false}