{"cameraMode":{"drawMode":0,"name":"Shaded","section":"Shading Mode"},"sceneLighting":true,"audioPlay":false,"sceneViewState":{"showFog":true,"showMaterialUpdate":false,"showSkybox":true,"showFlares":true,"showImageEffects":true,"showParticleSystems":true,"showVisualEffectGraphs":true,"m_FxEnabled":true},"in2DMode":false,"pivot":{"x":-10.418139457702637,"y":-1.7553023099899293,"z":-10.571962356567383},"rotation":{"x":-0.044997479766607288,"y":0.9305952787399292,"z":-0.12242799997329712,"w":-0.34201323986053469},"size":12.12435531616211,"orthographic":false}